{
  "video_id": "4f99d59b",
  "exported_at": "2025-12-13T16:33:38.566Z",
  "summary": "The video features a Roblox-style humanoid character wearing a purple crown and a black jacket with glowing blue accents, performing a slow, deliberate dance or pose sequence on a tiled floor under a clear blue sky. The character begins in a walking motion, transitions into a kneeling pose, then stands up and shifts its weight, ending in a final standing position with arms slightly outstretched. The sequence concludes with the character standing still, having completed a short, stylized movement routine.",
  "stats": {
    "num_frames": 17,
    "num_tracks": 3,
    "total_objects_detected": 25,
    "avg_objects_per_frame": 1.4705882352941178,
    "frames_downloaded": 0
  },
  "frames": [
    {
      "frame_idx": 0,
      "timestamp": 0,
      "filename": "frame_0000.jpg",
      "frame_width": 1080,
      "frame_height": 1920,
      "num_objects": 2,
      "objects": [
        {
          "bbox": [
            341,
            766,
            843,
            1606
          ],
          "area": 235856,
          "confidence": 0.94,
          "label": "humanoid"
        },
        {
          "bbox": [
            542,
            983,
            745,
            1194
          ],
          "area": 28955,
          "confidence": 0.63,
          "label": "chest"
        }
      ],
      "tracks": [
        {
          "track_id": 0,
          "bbox": [
            341,
            766,
            843,
            1606
          ],
          "velocity": null,
          "direction": null
        },
        {
          "track_id": 1,
          "bbox": [
            542,
            983,
            745,
            1194
          ],
          "velocity": null,
          "direction": null
        }
      ],
      "caption": {
        "brief": "",
        "normal": "",
        "detailed": "Based on the provided Roblox game frame and the ground truth game state, here is a detailed analysis:\n\n1. What the character is doing:\nThe character is actively running at a speed of 16.0 studs per second. The movement direction is to the right and level (not up or down). The character’s posture — with one leg forward, the other back, and arms swinging in a running motion — visually confirms the \"Running\" humanoid state. The player inputs are [S, D], which in Roblox typically correspond to moving backward (S) and to the right (D), which aligns with the character’s direction of motion.\n\n2. The environment and any visible objects:\nThe environment is a minimalist, open space. The ground is a flat, gray grid pattern, characteristic of Roblox’s default “Baseplate” surface. The background is a clear, gradient blue sky, transitioning from a lighter blue at the horizon to a deeper blue at the top, suggesting an outdoor setting with no visible buildings, terrain, or other environmental features. The only visible object is the character itself, who is wearing a black jacket with glowing blue accents on the shoulders, white pants, and a distinctive purple and yellow crown-like headpiece.\n\n3. How the visual matches the reported movement/state:\nThe visual perfectly matches the reported state. The character’s running animation is clearly visible — the legs are in mid-stride, and the arms are positioned in a natural running motion. The speed of 16.0 studs/sec is consistent with the character’s dynamic pose. The direction of movement (right, level) is supported by the character’s facing direction and the orientation of their limbs. The ground distance of 0.00 studs indicates the character is precisely on the surface, with no elevation or falling, which is visually confirmed by the character’s feet being flat on the grid.\n\n4. Any other players, NPCs, or interactive elements visible:\nThere are no other players,"
      },
      "roblox_metadata": {
        "frame": 1,
        "timestamp": 1765616658.5261,
        "fps": 57,
        "humanoid_state": "Running",
        "hrp": {
          "cframe": {
            "position": [
              138.0215,
              4.0568,
              -144.9914
            ],
            "look_vector": [
              0.7772,
              0,
              -0.6292
            ],
            "up_vector": [
              0,
              1,
              0
            ],
            "right_vector": [
              0.6292,
              0,
              0.7772
            ]
          },
          "velocity": [
            12.4344,
            0,
            -10.0691
          ],
          "speed": 16
        },
        "ground": {
          "touch_point": [
            138.0215,
            0,
            -144.9914
          ],
          "landing_point": [
            138.0215,
            0,
            -144.9914
          ],
          "landing_normal": [
            0,
            1,
            0
          ],
          "landing_instance": "Baseplate",
          "distance_to_landing": 0
        },
        "camera": {
          "position": [
            150.4394,
            6.1413,
            -143.6863
          ],
          "relative_to_hrp": [
            12.4179,
            2.0845,
            1.3052
          ],
          "distance_to_hrp": 12.6591,
          "viewport_size": [
            1528,
            856
          ]
        },
        "inputs": [
          "S",
          "D"
        ]
      }
    },
    {
      "frame_idx": 1,
      "timestamp": 0.1,
      "filename": "frame_0001.jpg",
      "frame_width": 1080,
      "frame_height": 1920,
      "num_objects": 2,
      "objects": [
        {
          "bbox": [
            266,
            714,
            895,
            1594
          ],
          "area": 254172,
          "confidence": 0.94,
          "label": "humanoid"
        },
        {
          "bbox": [
            520,
            932,
            731,
            1113
          ],
          "area": 26986,
          "confidence": 0.52,
          "label": "chest"
        }
      ],
      "tracks": [
        {
          "track_id": 0,
          "bbox": [
            266,
            714,
            895,
            1594
          ],
          "velocity": 341.8,
          "direction": 110.6
        },
        {
          "track_id": 1,
          "bbox": [
            520,
            932,
            731,
            1113
          ],
          "velocity": 684.1,
          "direction": 105.3
        }
      ],
      "caption": {
        "brief": "",
        "normal": "",
        "detailed": "Based on the provided Roblox game frame and the ground truth game state, here is a detailed analysis:\n\n1.  What the character is doing:\n    The character is actively running. The ground truth confirms the humanoid state is \"Running\" with a speed of 16.0 studs/sec. Visually, this is supported by the character's posture: their legs are in a dynamic stride (one leg forward, the other back), their arms are bent and swinging in opposition to the legs (right arm forward, left arm back), and their body is leaning slightly forward, all of which are classic indicators of a running animation in Roblox. The movement direction is specified as \"right, level,\" which aligns with the character's orientation and the direction their feet are pointing.\n\n2.  The environment and any visible objects:\n    The environment is a minimalist, open-world setting. The ground is a flat, gray grid pattern, which is characteristic of Roblox's default \"Baseplate\" surface. The background is a clear, gradient blue sky, transitioning from a lighter blue at the horizon to a deeper blue at the top, suggesting an outdoor, daytime setting with no clouds or other environmental features. The only visible object is the character themselves, who is wearing a black jacket with blue accents on the shoulders, white pants, and a distinctive purple and gold crown on their head.\n\n3.  How the visual matches the reported movement/state:\n    The visual perfectly matches the reported state. The character's running animation is in full motion, consistent with the 16.0 studs/sec speed. The direction of movement is clearly to the right, as indicated by the character's facing direction and the forward motion of their right leg. The \"level\" movement is confirmed by the character's posture, which is not tilted up or down, and the fact that their feet are planted on the flat baseplate surface with no elevation change. The ground distance of 0.00 studs confirms the"
      },
      "roblox_metadata": {
        "frame": 7,
        "timestamp": 1765616658.6248,
        "fps": 56.5,
        "humanoid_state": "Running",
        "hrp": {
          "cframe": {
            "position": [
              139.2649,
              4.0568,
              -145.9984
            ],
            "look_vector": [
              0.7772,
              0,
              -0.6293
            ],
            "up_vector": [
              0,
              1,
              0
            ],
            "right_vector": [
              0.6293,
              0,
              0.7772
            ]
          },
          "velocity": [
            12.4343,
            0,
            -10.0691
          ],
          "speed": 16
        },
        "ground": {
          "touch_point": [
            139.2649,
            0,
            -145.9984
          ],
          "landing_point": [
            139.2649,
            0,
            -145.9984
          ],
          "landing_normal": [
            0,
            1,
            0
          ],
          "landing_instance": "Baseplate",
          "distance_to_landing": 0
        },
        "camera": {
          "position": [
            151.6829,
            6.1413,
            -144.6932
          ],
          "relative_to_hrp": [
            12.4179,
            2.0845,
            1.3052
          ],
          "distance_to_hrp": 12.6591,
          "viewport_size": [
            1528,
            856
          ]
        },
        "inputs": [
          "S",
          "D"
        ]
      }
    },
    {
      "frame_idx": 2,
      "timestamp": 0.2,
      "filename": "frame_0002.jpg",
      "frame_width": 1080,
      "frame_height": 1920,
      "num_objects": 1,
      "objects": [
        {
          "bbox": [
            294,
            729,
            854,
            1674
          ],
          "area": 259232,
          "confidence": 0.94,
          "label": "humanoid"
        }
      ],
      "tracks": [
        {
          "track_id": 0,
          "bbox": [
            294,
            729,
            854,
            1674
          ],
          "velocity": 473.8,
          "direction": 262.7
        }
      ],
      "caption": {
        "brief": "",
        "normal": "",
        "detailed": "Based on the provided Roblox game frame and the ground truth game state, here is a detailed analysis:\n\n1.  What the character is doing:\n    The character is actively running. The ground truth confirms the humanoid state is \"Running\" with a speed of 16.0 studs/sec. The character's posture—leaning forward with one leg extended back and the other forward, arms swinging in a natural running motion—visually confirms this state. The movement direction is specified as \"right, level,\" which is consistent with the character's orientation and the direction of the motion blur implied by the frame. The player inputs `[S, D]` suggest the character is moving backward (S) and to the right (D), which is a common Roblox control scheme for strafing and moving backward simultaneously.\n\n2.  The environment and any visible objects:\n    The environment is a minimalist, open-world setting. The ground is a flat, gray, tiled baseplate, which is the standard ground surface in Roblox. The background is a clear, gradient sky, transitioning from a lighter blue at the horizon to a deeper blue at the top, indicating an outdoor setting with no visible buildings, trees, or other environmental features. The only visible object is the character itself, who is wearing a black jacket with blue accents on the shoulders, white pants, and a distinctive purple crown with the word \"PEACE\" written on it in yellow letters.\n\n3.  How the visual matches the reported movement/state:\n    The visual perfectly aligns with the reported state. The character's running animation is clearly visible, with the legs in a dynamic running pose and the arms swinging. The character's body is angled slightly backward, consistent with the `[S, D]` inputs (moving backward and right). The shadow cast on the ground is elongated and points to the left, which is consistent with the character moving right and the light source being positioned to the upper left of the frame. The"
      },
      "roblox_metadata": {
        "frame": 13,
        "timestamp": 1765616658.7246,
        "fps": 60.4,
        "humanoid_state": "Running",
        "hrp": {
          "cframe": {
            "position": [
              140.5084,
              4.0568,
              -147.0052
            ],
            "look_vector": [
              0.7772,
              0,
              -0.6293
            ],
            "up_vector": [
              0,
              1,
              0
            ],
            "right_vector": [
              0.6293,
              0,
              0.7772
            ]
          },
          "velocity": [
            12.4343,
            0,
            -10.0691
          ],
          "speed": 16
        },
        "ground": {
          "touch_point": [
            140.5084,
            0,
            -147.0052
          ],
          "landing_point": [
            140.5084,
            0,
            -147.0052
          ],
          "landing_normal": [
            0,
            1,
            0
          ],
          "landing_instance": "Baseplate",
          "distance_to_landing": 0
        },
        "camera": {
          "position": [
            152.9263,
            6.1413,
            -145.7001
          ],
          "relative_to_hrp": [
            12.4179,
            2.0845,
            1.3052
          ],
          "distance_to_hrp": 12.6591,
          "viewport_size": [
            1528,
            856
          ]
        },
        "inputs": [
          "S",
          "D"
        ]
      }
    },
    {
      "frame_idx": 3,
      "timestamp": 0.3,
      "filename": "frame_0003.jpg",
      "frame_width": 1080,
      "frame_height": 1920,
      "num_objects": 2,
      "objects": [
        {
          "bbox": [
            359,
            752,
            787,
            1655
          ],
          "area": 228652,
          "confidence": 0.95,
          "label": "humanoid"
        },
        {
          "bbox": [
            563,
            982,
            746,
            1178
          ],
          "area": 24862,
          "confidence": 0.57,
          "label": "chest"
        }
      ],
      "tracks": [
        {
          "track_id": 0,
          "bbox": [
            359,
            752,
            787,
            1655
          ],
          "velocity": 22.4,
          "direction": 243.4
        },
        {
          "track_id": 2,
          "bbox": [
            563,
            982,
            746,
            1178
          ],
          "velocity": null,
          "direction": null
        }
      ],
      "caption": {
        "brief": "",
        "normal": "",
        "detailed": "Based on the provided Roblox game frame and the ground truth game state, here is a detailed analysis:\n\n1.  What the character is doing:\n    The character is in a running animation, moving at a speed of 16.0 studs per second. The movement direction is to the right and level (not up or down). The character's posture, with one leg forward and the other back, along with the slight lean, is consistent with the running animation state. The player inputs `[S, D]` suggest the character is moving backward (S) while also strafing to the right (D), which is a common input combination for diagonal movement in many games, including Roblox. The character is currently on the ground, as indicated by the ground distance of 0.00 studs.\n\n2.  The environment and any visible objects:\n    The environment is a minimalist, open space. The ground is a flat, gray grid pattern, which is characteristic of Roblox's default \"Baseplate\" surface. The background is a clear, gradient sky, transitioning from a lighter blue at the horizon to a deeper blue at the top. There are no other objects, structures, or terrain features visible in the frame. The only visible object is the character itself.\n\n3.  How the visual matches the reported movement/state:\n    The visual perfectly matches the reported state. The character's running animation is clearly visible, with the arms swinging and legs in a running stride. The character is positioned on the grid, confirming it is on the ground. The direction of movement is to the right, as indicated by the character's body orientation and the position of the legs. The speed of 16.0 studs/sec is not directly visible, but the running animation is consistent with a high-speed movement state. The inputs `[S, D]` are not visible, but the character's posture and direction of motion are consistent with a backward-right diagonal movement.\n\n4.  Any"
      },
      "roblox_metadata": {
        "frame": 19,
        "timestamp": 1765616658.8243,
        "fps": 59.5,
        "humanoid_state": "Running",
        "hrp": {
          "cframe": {
            "position": [
              141.7519,
              4.0568,
              -148.0121
            ],
            "look_vector": [
              0.7772,
              0,
              -0.6293
            ],
            "up_vector": [
              0,
              1,
              0
            ],
            "right_vector": [
              0.6293,
              0,
              0.7772
            ]
          },
          "velocity": [
            12.4343,
            0,
            -10.0691
          ],
          "speed": 16
        },
        "ground": {
          "touch_point": [
            141.7519,
            0,
            -148.0121
          ],
          "landing_point": [
            141.7519,
            0,
            -148.0121
          ],
          "landing_normal": [
            0,
            1,
            0
          ],
          "landing_instance": "Baseplate",
          "distance_to_landing": 0
        },
        "camera": {
          "position": [
            154.1698,
            6.1413,
            -146.707
          ],
          "relative_to_hrp": [
            12.4179,
            2.0845,
            1.3052
          ],
          "distance_to_hrp": 12.6591,
          "viewport_size": [
            1528,
            856
          ]
        },
        "inputs": [
          "S",
          "D"
        ]
      }
    },
    {
      "frame_idx": 4,
      "timestamp": 0.4,
      "filename": "frame_0004.jpg",
      "frame_width": 1080,
      "frame_height": 1920,
      "num_objects": 1,
      "objects": [
        {
          "bbox": [
            353,
            712,
            751,
            1587
          ],
          "area": 221165,
          "confidence": 0.95,
          "label": "humanoid"
        }
      ],
      "tracks": [
        {
          "track_id": 0,
          "bbox": [
            353,
            712,
            751,
            1587
          ],
          "velocity": 579.4,
          "direction": 111.3
        }
      ],
      "caption": {
        "brief": "",
        "normal": "",
        "detailed": "Based on the provided Roblox game frame and the ground truth game state, here is a detailed analysis:\n\n1. What the character is doing:\nThe character is in a running animation, moving forward at a speed of 16.0 studs per second. The game state explicitly states the movement direction is \"right, level,\" which is consistent with the character's posture. The character's legs are in a dynamic running pose — one leg is forward and bent, the other is trailing back — and the arms are swinging in a natural running motion. The character is not jumping or crouching, but moving across the ground at a steady pace.\n\n2. The environment and any visible objects:\nThe environment is a minimalist, open-world setting. The ground is a flat, gray grid pattern, which is characteristic of Roblox's default \"Baseplate\" surface. The background is a clear, gradient blue sky, transitioning from a lighter blue at the horizon to a deeper blue at the top, suggesting an outdoor, daytime setting with no clouds or other environmental features. The only visible object is the character itself, who is wearing a black jacket with a blue glowing panel on the chest, white pants, and a distinctive purple crown with a gold band and small colorful jewels on top.\n\n3. How the visual matches the reported movement/state:\nThe visual perfectly matches the reported game state. The character's running animation is active, and the posture — with one leg forward and the other back, arms swinging — is consistent with a running motion. The speed of 16.0 studs/sec is a high running speed in Roblox, and the character's posture suggests they are moving quickly. The movement direction is \"right, level,\" which is supported by the character's orientation — they are facing slightly to the right side of the screen, indicating they are moving in that direction across the flat surface. The ground distance of 0.00 studs confirms the character is in direct contact with the ground and"
      },
      "roblox_metadata": {
        "frame": 25,
        "timestamp": 1765616658.9239,
        "fps": 63.6,
        "humanoid_state": "Running",
        "hrp": {
          "cframe": {
            "position": [
              142.9953,
              4.0568,
              -149.019
            ],
            "look_vector": [
              0.7771,
              0,
              -0.6293
            ],
            "up_vector": [
              0,
              1,
              0
            ],
            "right_vector": [
              0.6293,
              0,
              0.7771
            ]
          },
          "velocity": [
            12.4343,
            0,
            -10.0691
          ],
          "speed": 16
        },
        "ground": {
          "touch_point": [
            142.9953,
            0,
            -149.019
          ],
          "landing_point": [
            142.9953,
            0,
            -149.019
          ],
          "landing_normal": [
            0,
            1,
            0
          ],
          "landing_instance": "Baseplate",
          "distance_to_landing": 0
        },
        "camera": {
          "position": [
            155.4133,
            6.1413,
            -147.7139
          ],
          "relative_to_hrp": [
            12.4179,
            2.0845,
            1.3052
          ],
          "distance_to_hrp": 12.6591,
          "viewport_size": [
            1528,
            856
          ]
        },
        "inputs": [
          "S",
          "D"
        ]
      }
    },
    {
      "frame_idx": 5,
      "timestamp": 0.5,
      "filename": "frame_0005.jpg",
      "frame_width": 1080,
      "frame_height": 1920,
      "num_objects": 1,
      "objects": [
        {
          "bbox": [
            339,
            723,
            806,
            1609
          ],
          "area": 225260,
          "confidence": 0.94,
          "label": "humanoid"
        }
      ],
      "tracks": [
        {
          "track_id": 0,
          "bbox": [
            339,
            723,
            806,
            1609
          ],
          "velocity": 262.5,
          "direction": 319.6
        }
      ],
      "caption": {
        "brief": "",
        "normal": "",
        "detailed": "Based on the provided Roblox game frame and the ground truth game state, here is a detailed analysis:\n\n1.  What the character is doing:\n    The character is in a \"Running\" state, moving at a speed of 16.0 studs per second. According to the game state, the movement direction is \"right, level\". This means the character is actively running horizontally to the right across the surface. The visual depiction of the character is inconsistent with this state. The character is shown in a kneeling or crouching pose, with one knee on the ground and the other leg bent. This pose is not a standard running animation in Roblox; running typically involves a full-body, alternating leg motion. The character's arms are also positioned in a way that suggests a static or idle pose, not the swinging motion associated with running. The game state indicates the character is moving, but the visual representation is static and does not match the expected animation for running.\n\n2.  The environment and any visible objects:\n    The environment is a simple, minimalist outdoor setting. The ground is a flat, gray grid pattern, which is characteristic of Roblox's default \"Baseplate\" surface. The background is a clear, gradient blue sky, transitioning from a lighter blue at the horizon to a deeper blue at the top, suggesting a bright, open sky. There are no other objects, buildings, or environmental features visible in the frame. The only visible object is the character itself.\n\n3.  How the visual matches the reported movement/state:\n    There is a significant mismatch between the visual and the reported game state. The game state explicitly states the character is \"Running\" at 16.0 studs/sec. However, the visual shows the character in a kneeling pose, which is not a running animation. The character's shadow on the ground is cast in a way that suggests the light source is from the upper left, which is consistent with an outdoor setting, but the pose itself"
      },
      "roblox_metadata": {
        "frame": 31,
        "timestamp": 1765616659.0247,
        "fps": 60.3,
        "humanoid_state": "Running",
        "hrp": {
          "cframe": {
            "position": [
              144.2388,
              4.0568,
              -150.0259
            ],
            "look_vector": [
              0.7771,
              0,
              -0.6293
            ],
            "up_vector": [
              0,
              1,
              0
            ],
            "right_vector": [
              0.6293,
              0,
              0.7771
            ]
          },
          "velocity": [
            12.4343,
            0,
            -10.0691
          ],
          "speed": 16
        },
        "ground": {
          "touch_point": [
            144.2388,
            0,
            -150.0259
          ],
          "landing_point": [
            144.2388,
            0,
            -150.0259
          ],
          "landing_normal": [
            0,
            1,
            0
          ],
          "landing_instance": "Baseplate",
          "distance_to_landing": 0
        },
        "camera": {
          "position": [
            156.6567,
            6.1413,
            -148.7208
          ],
          "relative_to_hrp": [
            12.4179,
            2.0845,
            1.3052
          ],
          "distance_to_hrp": 12.6591,
          "viewport_size": [
            1528,
            856
          ]
        },
        "inputs": [
          "S",
          "D"
        ]
      }
    },
    {
      "frame_idx": 6,
      "timestamp": 0.6,
      "filename": "frame_0006.jpg",
      "frame_width": 1080,
      "frame_height": 1920,
      "num_objects": 2,
      "objects": [
        {
          "bbox": [
            371,
            762,
            805,
            1632
          ],
          "area": 235699,
          "confidence": 0.93,
          "label": "humanoid"
        },
        {
          "bbox": [
            574,
            988,
            746,
            1184
          ],
          "area": 22010,
          "confidence": 0.55,
          "label": "chest"
        }
      ],
      "tracks": [
        {
          "track_id": 0,
          "bbox": [
            371,
            762,
            805,
            1632
          ],
          "velocity": 348.9,
          "direction": 297.3
        },
        {
          "track_id": 2,
          "bbox": [
            574,
            988,
            746,
            1184
          ],
          "velocity": 84.9,
          "direction": 315
        }
      ],
      "caption": {
        "brief": "",
        "normal": "",
        "detailed": "Based on the provided Roblox game frame and the ground truth game state, here is a detailed analysis:\n\n1. What the character is doing:\nThe character is actively running at a speed of 16.0 studs per second. The movement direction is to the right, and it is moving at a level (flat) elevation. The character's posture — with one leg forward and the other back, arms swinging in a running motion — visually confirms the \"Running\" humanoid state. The player inputs are reported as [S, D], which in Roblox typically correspond to the \"Back\" (S) and \"Right\" (D) movement keys, indicating the character is running backward and to the right simultaneously, which is consistent with the visual direction of motion.\n\n2. The environment and any visible objects:\nThe environment is a minimalist, open space. The ground is a flat, gray grid pattern, which is characteristic of Roblox's default \"Baseplate\" surface. The background is a clear, gradient sky transitioning from a lighter blue at the horizon to a deeper blue at the top, suggesting an outdoor setting with no visible buildings, trees, or other environmental features. The only visible object is the character itself, who is wearing a black jacket with a blue glowing panel on the back, white pants, and a distinctive purple and gold crown with a \"KING\" inscription on it.\n\n3. How the visual matches the reported movement/state:\nThe visual perfectly aligns with the reported game state. The character's running animation is clearly visible, with the legs in mid-stride and arms in motion. The direction of movement is to the right, as indicated by the character's body orientation and the position of the legs. The speed of 16.0 studs/sec is a high running speed in Roblox, and while the frame doesn't show a speedometer, the character's dynamic pose and the slight blur of motion (especially in the legs) suggest rapid movement. The ground"
      },
      "roblox_metadata": {
        "frame": 37,
        "timestamp": 1765616659.125,
        "fps": 57.2,
        "humanoid_state": "Running",
        "hrp": {
          "cframe": {
            "position": [
              145.4823,
              4.0568,
              -151.0328
            ],
            "look_vector": [
              0.7771,
              0,
              -0.6293
            ],
            "up_vector": [
              0,
              1,
              0
            ],
            "right_vector": [
              0.6293,
              0,
              0.7771
            ]
          },
          "velocity": [
            12.4343,
            0,
            -10.0691
          ],
          "speed": 16
        },
        "ground": {
          "touch_point": [
            145.4823,
            0,
            -151.0328
          ],
          "landing_point": [
            145.4823,
            0,
            -151.0328
          ],
          "landing_normal": [
            0,
            1,
            0
          ],
          "landing_instance": "Baseplate",
          "distance_to_landing": 0
        },
        "camera": {
          "position": [
            157.9002,
            6.1413,
            -149.7277
          ],
          "relative_to_hrp": [
            12.4179,
            2.0845,
            1.3052
          ],
          "distance_to_hrp": 12.6591,
          "viewport_size": [
            1528,
            856
          ]
        },
        "inputs": [
          "S",
          "D"
        ]
      }
    },
    {
      "frame_idx": 7,
      "timestamp": 0.7,
      "filename": "frame_0007.jpg",
      "frame_width": 1080,
      "frame_height": 1920,
      "num_objects": 2,
      "objects": [
        {
          "bbox": [
            282,
            731,
            889,
            1567
          ],
          "area": 236978,
          "confidence": 0.92,
          "label": "humanoid"
        },
        {
          "bbox": [
            501,
            946,
            739,
            1156
          ],
          "area": 31360,
          "confidence": 0.56,
          "label": "chest"
        }
      ],
      "tracks": [
        {
          "track_id": 0,
          "bbox": [
            282,
            731,
            889,
            1567
          ],
          "velocity": 480.9,
          "direction": 93.6
        },
        {
          "track_id": 1,
          "bbox": [
            501,
            946,
            739,
            1156
          ],
          "velocity": 294.3,
          "direction": 260.2
        }
      ],
      "caption": {
        "brief": "",
        "normal": "",
        "detailed": "Based on the provided Roblox game frame and the ground truth game state, here is a detailed analysis:\n\n1.  What the character is doing:\n    The character is actively running at a speed of 16.0 studs per second. The humanoid state confirms this is a running animation, not walking or idle. The movement direction is to the right and level (not up or down). The character's posture—with one leg forward, the other back, arms swinging, and a slight forward lean—is consistent with the running animation. The player inputs `[S, D]` suggest the player is pressing the 'S' key (typically for backward movement) and 'D' key (typically for rightward movement), which in many games would result in a diagonal backward-right movement. However, the game state explicitly reports the movement as \"right, level,\" indicating the character is moving horizontally to the right, possibly with the 'S' key being used to maintain speed or for a specific control mechanic, or the game state is reporting the primary direction vector. The character is not on the ground, as the ground distance is 0.00 studs, meaning they are airborne, likely in the middle of a running stride or jump.\n\n2.  The environment and any visible objects:\n    The environment is a minimalist, open space. The ground is a flat, gray grid pattern, characteristic of Roblox's default \"Baseplate\" surface. The background is a clear, gradient blue sky, transitioning from a lighter blue at the horizon to a deeper blue at the top. There are no other objects, buildings, or terrain features visible in the frame. The only visible object is the character themselves.\n\n3.  How the visual matches the reported movement/state:\n    The visual perfectly matches the reported state. The character's running animation is clearly visible, with dynamic limbs and a forward-leaning posture. The character is airborne, which aligns with the ground distance of 0.00 studs."
      },
      "roblox_metadata": {
        "frame": 43,
        "timestamp": 1765616659.2247,
        "fps": 58.3,
        "humanoid_state": "Running",
        "hrp": {
          "cframe": {
            "position": [
              146.7258,
              4.0568,
              -152.0397
            ],
            "look_vector": [
              0.7771,
              0,
              -0.6293
            ],
            "up_vector": [
              0,
              1,
              0
            ],
            "right_vector": [
              0.6293,
              0,
              0.7771
            ]
          },
          "velocity": [
            12.4343,
            0,
            -10.0691
          ],
          "speed": 16
        },
        "ground": {
          "touch_point": [
            146.7258,
            0,
            -152.0397
          ],
          "landing_point": [
            146.7258,
            0,
            -152.0397
          ],
          "landing_normal": [
            0,
            1,
            0
          ],
          "landing_instance": "Baseplate",
          "distance_to_landing": 0
        },
        "camera": {
          "position": [
            159.1437,
            6.1413,
            -150.7346
          ],
          "relative_to_hrp": [
            12.4179,
            2.0845,
            1.3052
          ],
          "distance_to_hrp": 12.6591,
          "viewport_size": [
            1528,
            856
          ]
        },
        "inputs": [
          "S",
          "D"
        ]
      }
    },
    {
      "frame_idx": 8,
      "timestamp": 0.8,
      "filename": "frame_0008.jpg",
      "frame_width": 1080,
      "frame_height": 1920,
      "num_objects": 1,
      "objects": [
        {
          "bbox": [
            283,
            722,
            866,
            1656
          ],
          "area": 260653,
          "confidence": 0.94,
          "label": "humanoid"
        }
      ],
      "tracks": [
        {
          "track_id": 0,
          "bbox": [
            283,
            722,
            866,
            1656
          ],
          "velocity": 414.8,
          "direction": 254.6
        }
      ],
      "caption": {
        "brief": "",
        "normal": "",
        "detailed": "Based on the provided Roblox game frame and the ground truth game state, here is a detailed analysis:\n\n1. What the character is doing:\nThe character is actively running at a speed of 16.0 studs per second. The humanoid state confirms this is a running animation, which is visually represented by the character’s dynamic pose: one leg is forward and bent, the other is trailing behind, and the arms are swung back and forward in a natural running motion. The movement direction is to the right, and the character is moving level (not ascending or descending). The player inputs [S, D] suggest the character is moving backward (S) and to the right (D), which is consistent with the running animation facing right. The character is positioned exactly on the ground surface with 0.00 studs of vertical distance from the ground, indicating it is not airborne.\n\n2. The environment and any visible objects:\nThe environment is a minimalist, open-world setting. The ground is a flat, gray grid pattern, which is characteristic of Roblox’s default “Baseplate” surface. The background is a clear, gradient blue sky, transitioning from a lighter blue at the horizon to a deeper blue at the top, suggesting an outdoor, daytime setting. There are no other objects, terrain features, or environmental elements visible in the frame. The only visible object is the character itself.\n\n3. How the visual matches the reported movement/state:\nThe visual perfectly matches the reported game state. The character’s running animation is in full motion, with limbs positioned to indicate forward momentum. The direction of the character’s body and the orientation of the arms and legs align with movement to the right. The character’s shadow is cast on the ground to the left and slightly behind, which is consistent with a light source from the upper right, and the shadow’s length and position confirm the character is moving forward on the ground. The absence of any airborne motion or elevation confirms the ground distance is 0"
      },
      "roblox_metadata": {
        "frame": 49,
        "timestamp": 1765616659.3254,
        "fps": 64.5,
        "humanoid_state": "Running",
        "hrp": {
          "cframe": {
            "position": [
              147.9692,
              4.0568,
              -153.0466
            ],
            "look_vector": [
              0.7771,
              0,
              -0.6293
            ],
            "up_vector": [
              0,
              1,
              0
            ],
            "right_vector": [
              0.6293,
              0,
              0.7771
            ]
          },
          "velocity": [
            12.4343,
            0,
            -10.0691
          ],
          "speed": 16
        },
        "ground": {
          "touch_point": [
            147.9692,
            0,
            -153.0466
          ],
          "landing_point": [
            147.9692,
            0,
            -153.0466
          ],
          "landing_normal": [
            0,
            1,
            0
          ],
          "landing_instance": "Baseplate",
          "distance_to_landing": 0
        },
        "camera": {
          "position": [
            160.3871,
            6.1413,
            -151.7415
          ],
          "relative_to_hrp": [
            12.4179,
            2.0845,
            1.3052
          ],
          "distance_to_hrp": 12.6591,
          "viewport_size": [
            1528,
            856
          ]
        },
        "inputs": [
          "S",
          "D"
        ]
      }
    },
    {
      "frame_idx": 9,
      "timestamp": 0.9,
      "filename": "frame_0009.jpg",
      "frame_width": 1080,
      "frame_height": 1920,
      "num_objects": 2,
      "objects": [
        {
          "bbox": [
            332,
            750,
            819,
            1683
          ],
          "area": 243385,
          "confidence": 0.95,
          "label": "humanoid"
        },
        {
          "bbox": [
            540,
            973,
            745,
            1171
          ],
          "area": 28591,
          "confidence": 0.52,
          "label": "chest"
        }
      ],
      "tracks": [
        {
          "track_id": 0,
          "bbox": [
            332,
            750,
            819,
            1683
          ],
          "velocity": 270.2,
          "direction": 272.1
        },
        {
          "track_id": 2,
          "bbox": [
            540,
            973,
            745,
            1171
          ],
          "velocity": 228,
          "direction": 142.1
        }
      ],
      "caption": {
        "brief": "",
        "normal": "",
        "detailed": "Based on the provided Roblox game frame and the ground truth game state, here is a detailed analysis:\n\n1. What the character is doing:\nThe character is actively running at a speed of 16.0 studs per second. The movement direction is to the right and level (not up or down). The character's posture—leaning slightly forward with arms bent and legs in a mid-stride position—visually confirms the running animation. The game state indicates the player is pressing the 'S' (backward) and 'D' (right) keys simultaneously, which in Roblox typically results in a diagonal backward-right movement. However, the ground truth explicitly states the movement is \"right, level,\" suggesting the 'S' key input may be interpreted as a directional modifier or the character is running in a straight rightward path despite the key combination. The character is on the ground with zero vertical distance from the surface.\n\n2. The environment and any visible objects:\nThe environment is a minimalist, open space with a flat, gray grid-patterned ground surface, which is characteristic of a Roblox Baseplate. The background is a clear, gradient blue sky, transitioning from a lighter blue at the horizon to a deeper blue at the top, indicating an outdoor setting with no visible buildings, terrain features, or other environmental objects. The only visible object is the character itself, who is wearing a black jacket with blue glowing accents on the shoulders, white pants, and a distinctive purple and gold crown with multiple spikes.\n\n3. How the visual matches the reported movement/state:\nThe visual perfectly matches the reported state. The character's running animation is clearly visible, with the legs positioned as if in mid-stride and the arms swinging in a natural running motion. The character is casting a distinct shadow on the ground, which confirms they are on the surface and moving. The ground distance of 0.00 studs is visually confirmed as the character's feet are firmly planted on the grid, with no"
      },
      "roblox_metadata": {
        "frame": 55,
        "timestamp": 1765616659.4242,
        "fps": 60,
        "humanoid_state": "Running",
        "hrp": {
          "cframe": {
            "position": [
              149.2127,
              4.0568,
              -154.0535
            ],
            "look_vector": [
              0.7771,
              0,
              -0.6293
            ],
            "up_vector": [
              0,
              1,
              0
            ],
            "right_vector": [
              0.6293,
              0,
              0.7771
            ]
          },
          "velocity": [
            12.4343,
            0,
            -10.0691
          ],
          "speed": 16
        },
        "ground": {
          "touch_point": [
            149.2127,
            0,
            -154.0535
          ],
          "landing_point": [
            149.2127,
            0,
            -154.0535
          ],
          "landing_normal": [
            0,
            1,
            0
          ],
          "landing_instance": "Baseplate",
          "distance_to_landing": 0
        },
        "camera": {
          "position": [
            161.6306,
            6.1413,
            -152.7484
          ],
          "relative_to_hrp": [
            12.4179,
            2.0845,
            1.3052
          ],
          "distance_to_hrp": 12.6591,
          "viewport_size": [
            1528,
            856
          ]
        },
        "inputs": [
          "S",
          "D"
        ]
      }
    },
    {
      "frame_idx": 10,
      "timestamp": 1,
      "filename": "frame_0010.jpg",
      "frame_width": 1080,
      "frame_height": 1920,
      "num_objects": 1,
      "objects": [
        {
          "bbox": [
            370,
            723,
            763,
            1603
          ],
          "area": 216287,
          "confidence": 0.94,
          "label": "humanoid"
        }
      ],
      "tracks": [
        {
          "track_id": 0,
          "bbox": [
            370,
            723,
            763,
            1603
          ],
          "velocity": 537.6,
          "direction": 99.6
        }
      ],
      "caption": {
        "brief": "",
        "normal": "",
        "detailed": "Based on the provided Roblox game frame and the ground truth game state, here is a detailed analysis:\n\n1. What the character is doing:\nThe character is in a running animation, moving forward at a speed of 16.0 studs per second. The game state confirms the movement direction is to the right and level (not up or down). The character’s posture — with one leg forward, the other back, arms swinging in a running motion, and a slight forward lean — is consistent with the running humanoid state. The character is actively moving across the surface, as indicated by the ground distance of 0.00 studs (meaning they are currently in contact with the ground and not airborne).\n\n2. The environment and any visible objects:\nThe environment is a minimalist, open space. The ground is a flat, gray grid pattern, which is characteristic of Roblox’s default baseplate. The background is a smooth gradient sky, transitioning from a lighter blue at the horizon to a deeper blue at the top, suggesting an outdoor setting with no visible buildings, trees, or other environmental features. The only visible object is the character themselves, who is wearing a black and blue outfit with a distinctive purple and gold crown on their head.\n\n3. How the visual matches the reported movement/state:\nThe visual perfectly matches the reported state. The character’s running animation is clearly visible, with the body positioned in a dynamic running pose. The direction of movement is to the right, as indicated by the character’s orientation and the direction of their arms and legs. The speed of 16.0 studs/sec is not directly visible, but the animation frame suggests a fast, purposeful run. The ground distance of 0.00 studs is visually confirmed by the character’s feet being firmly planted on the baseplate grid, with no indication of jumping or being airborne. The surface is clearly the baseplate, as evidenced by the grid pattern.\n\n4. Any other players, NPCs, or interactive"
      },
      "roblox_metadata": {
        "frame": 61,
        "timestamp": 1765616659.5246,
        "fps": 63.3,
        "humanoid_state": "Running",
        "hrp": {
          "cframe": {
            "position": [
              150.4562,
              4.0568,
              -155.0604
            ],
            "look_vector": [
              0.7771,
              0,
              -0.6293
            ],
            "up_vector": [
              0,
              1,
              0
            ],
            "right_vector": [
              0.6293,
              0,
              0.7771
            ]
          },
          "velocity": [
            12.4343,
            0,
            -10.0691
          ],
          "speed": 16
        },
        "ground": {
          "touch_point": [
            150.4562,
            0,
            -155.0604
          ],
          "landing_point": [
            150.4562,
            0,
            -155.0604
          ],
          "landing_normal": [
            0,
            1,
            0
          ],
          "landing_instance": "Baseplate",
          "distance_to_landing": 0
        },
        "camera": {
          "position": [
            162.8741,
            6.1413,
            -153.7552
          ],
          "relative_to_hrp": [
            12.4179,
            2.0845,
            1.3052
          ],
          "distance_to_hrp": 12.6591,
          "viewport_size": [
            1528,
            856
          ]
        },
        "inputs": [
          "S",
          "D"
        ]
      }
    },
    {
      "frame_idx": 11,
      "timestamp": 1.1,
      "filename": "frame_0011.jpg",
      "frame_width": 1080,
      "frame_height": 1920,
      "num_objects": 1,
      "objects": [
        {
          "bbox": [
            336,
            712,
            759,
            1580
          ],
          "area": 216988,
          "confidence": 0.93,
          "label": "humanoid"
        }
      ],
      "tracks": [
        {
          "track_id": 0,
          "bbox": [
            336,
            712,
            759,
            1580
          ],
          "velocity": 255,
          "direction": 138.2
        }
      ],
      "caption": {
        "brief": "",
        "normal": "",
        "detailed": "Based on the provided Roblox game frame and the ground truth game state, here is a detailed analysis:\n\n1. What the character is doing:\nThe character is in an “Idle” state, as confirmed by the game state. This means the character is not actively moving, running, or performing any animation triggered by player input. The character’s posture — standing upright with arms slightly bent and held in front of the torso — is consistent with a default idle animation in Roblox. The reported speed of 0.0 studs/sec and the absence of any player inputs ([None]) further confirm that the character is stationary. The character is facing slightly to the right, but is not moving forward, backward, or sideways.\n\n2. The environment and any visible objects:\nThe environment is a minimalist, open-world setting. The ground is a flat, gray grid pattern, which is characteristic of Roblox’s default “Baseplate” surface used for testing or simple environments. The background is a clear, gradient sky transitioning from a lighter blue at the horizon to a deeper blue at the top, indicating an outdoor, daytime setting with no clouds or other environmental features. The only visible object is the character itself, who is wearing a black outfit with a glowing blue chest emblem, white pants, and a purple crown with a yellow band and the letters “C R C C” on it.\n\n3. How the visual matches the reported movement/state:\nThe visual perfectly matches the reported idle state. The character is standing still on the baseplate with no motion blur or animation cues that would suggest movement. The shadow cast beneath the character is sharp and static, indicating no movement or change in position. The reported ground distance of 0.00 studs confirms the character is standing directly on the surface with no elevation or floating. The lack of any visible player inputs or movement speed reinforces the visual observation that the character is stationary.\n\n4. Any other players, NPCs, or interactive elements visible:\nThere are no other players"
      },
      "roblox_metadata": {
        "frame": 67,
        "timestamp": 1765616659.6247,
        "fps": 60.1,
        "humanoid_state": "Idle",
        "hrp": {
          "cframe": {
            "position": [
              150.7608,
              4.0568,
              -155.5723
            ],
            "look_vector": [
              0.7071,
              0,
              -0.7071
            ],
            "up_vector": [
              0,
              1,
              0
            ],
            "right_vector": [
              0.7071,
              0,
              0.7071
            ]
          },
          "velocity": [
            0,
            0,
            -0.0001
          ],
          "speed": 0.0001
        },
        "ground": {
          "touch_point": [
            150.7608,
            0,
            -155.5723
          ],
          "landing_point": [
            150.7608,
            0,
            -155.5723
          ],
          "landing_normal": [
            0,
            1,
            0
          ],
          "landing_instance": "Baseplate",
          "distance_to_landing": 0
        },
        "camera": {
          "position": [
            163.1787,
            6.1413,
            -154.2672
          ],
          "relative_to_hrp": [
            12.4179,
            2.0845,
            1.3052
          ],
          "distance_to_hrp": 12.6591,
          "viewport_size": [
            1528,
            856
          ]
        },
        "inputs": []
      }
    },
    {
      "frame_idx": 12,
      "timestamp": 1.2,
      "filename": "frame_0012.jpg",
      "frame_width": 1080,
      "frame_height": 1920,
      "num_objects": 1,
      "objects": [
        {
          "bbox": [
            353,
            726,
            747,
            1654
          ],
          "area": 239065,
          "confidence": 0.94,
          "label": "humanoid"
        }
      ],
      "tracks": [
        {
          "track_id": 0,
          "bbox": [
            353,
            726,
            747,
            1654
          ],
          "velocity": 441,
          "direction": 273.9
        }
      ],
      "caption": {
        "brief": "",
        "normal": "",
        "detailed": "Based on the provided Roblox game frame and the ground truth game state, here is a detailed analysis:\n\n1. What the character is doing:\nThe character is in an \"Idle\" state, as confirmed by the game state. This means the character is not actively moving or performing any animation. The reported speed of 0.0 studs/sec and \"Movement: backward, level\" are likely artifacts of the game state reporting or a misinterpretation of the character's orientation, as the character is visually stationary. The \"backward\" movement direction is not reflected in the visual frame, as the character is not moving. The \"Player Inputs: [None]\" further confirms that no input is being applied to make the character move. The character is standing still on the baseplate.\n\n2. The environment and any visible objects:\nThe environment is a minimalist, open space. The ground is a flat, gray grid pattern, which is characteristic of Roblox's default \"Baseplate\" surface. The background is a clear, gradient sky transitioning from a lighter blue at the horizon to a deeper blue at the top, indicating an outdoor setting with no visible clouds or other environmental features. The only visible object is the character itself, who is wearing a black jacket with blue accents on the sleeves, white pants, and a purple crown with a yellow band on their head. The crown has a small, blue, stylized \"R\" emblem on it.\n\n3. How the visual matches the reported movement/state:\nThe visual perfectly matches the \"Idle\" state. The character is standing still, with no motion blur or animation cues suggesting movement. The reported \"backward, level\" movement and \"Speed: 0.0 studs/sec\" are consistent with the character being stationary. The \"Ground Distance: 0.00 studs\" indicates that the character is standing directly on the baseplate surface with no elevation or depth offset. The character's shadow is cast on the ground, confirming they are standing on the"
      },
      "roblox_metadata": {
        "frame": 73,
        "timestamp": 1765616659.7243,
        "fps": 59.9,
        "humanoid_state": "Idle",
        "hrp": {
          "cframe": {
            "position": [
              150.7608,
              4.0568,
              -155.5723
            ],
            "look_vector": [
              0.7071,
              0,
              -0.7071
            ],
            "up_vector": [
              0,
              1,
              0
            ],
            "right_vector": [
              0.7071,
              0,
              0.7071
            ]
          },
          "velocity": [
            0,
            0,
            0
          ],
          "speed": 0
        },
        "ground": {
          "touch_point": [
            150.7608,
            0,
            -155.5723
          ],
          "landing_point": [
            150.7608,
            0,
            -155.5723
          ],
          "landing_normal": [
            0,
            1,
            0
          ],
          "landing_instance": "Baseplate",
          "distance_to_landing": 0
        },
        "camera": {
          "position": [
            163.1787,
            6.1413,
            -154.2672
          ],
          "relative_to_hrp": [
            12.4179,
            2.0845,
            1.3052
          ],
          "distance_to_hrp": 12.6591,
          "viewport_size": [
            1528,
            856
          ]
        },
        "inputs": []
      }
    },
    {
      "frame_idx": 13,
      "timestamp": 1.3,
      "filename": "frame_0013.jpg",
      "frame_width": 1080,
      "frame_height": 1920,
      "num_objects": 1,
      "objects": [
        {
          "bbox": [
            313,
            734,
            727,
            1696
          ],
          "area": 243804,
          "confidence": 0.91,
          "label": "character"
        }
      ],
      "tracks": [
        {
          "track_id": 0,
          "bbox": [
            313,
            734,
            727,
            1696
          ],
          "velocity": 390.5,
          "direction": 219.8
        }
      ],
      "caption": {
        "brief": "",
        "normal": "",
        "detailed": "Based on the provided Roblox game frame and the ground truth game state, here is a detailed analysis:\n\n1. What the character is doing:\nThe character is in an Idle state, as confirmed by the game state. This means the character is not actively moving, running, or performing any animation. The game state explicitly reports a speed of 0.0 studs/sec and no player inputs, which aligns with the character's static posture. The reported movement direction (backward, level) is irrelevant since the speed is zero, indicating the character is stationary. The character is standing upright, facing slightly to the right, with no signs of motion blur or animation.\n\n2. The environment and any visible objects:\nThe environment is a minimalist, open-world setting. The ground is a flat, gray grid pattern, which is characteristic of Roblox's default baseplate. The background is a clear, gradient sky transitioning from a lighter blue at the horizon to a deeper blue at the top, suggesting an outdoor, daytime setting with no clouds or other environmental features. The only visible object is the character itself, who is wearing a black jacket with blue accents on the sleeves, white pants, and a distinctive purple and gold crown with a small blue gem on top. There are no other objects, structures, or terrain features visible.\n\n3. How the visual matches the reported movement/state:\nThe visual perfectly matches the reported state. The character is standing still, with no motion blur, no directional movement, and no animation cues (like walking or running cycles). The shadow cast on the ground is static and consistent with a stationary object under a clear sky. The game state reports \"backward, level\" movement, but since the speed is 0.0, this is likely a default or placeholder value for the character's orientation or a misreporting of the movement vector, as there is no actual movement occurring. The character's position relative to the grid and the horizon remains unchanged, confirming the Idle state.\n\n4"
      },
      "roblox_metadata": {
        "frame": 79,
        "timestamp": 1765616659.8252,
        "fps": 56.2,
        "humanoid_state": "Idle",
        "hrp": {
          "cframe": {
            "position": [
              150.7608,
              4.0568,
              -155.5723
            ],
            "look_vector": [
              0.7071,
              0,
              -0.7071
            ],
            "up_vector": [
              0,
              1,
              0
            ],
            "right_vector": [
              0.7071,
              0,
              0.7071
            ]
          },
          "velocity": [
            0,
            0,
            0
          ],
          "speed": 0
        },
        "ground": {
          "touch_point": [
            150.7608,
            0,
            -155.5723
          ],
          "landing_point": [
            150.7608,
            0,
            -155.5723
          ],
          "landing_normal": [
            0,
            1,
            0
          ],
          "landing_instance": "Baseplate",
          "distance_to_landing": 0
        },
        "camera": {
          "position": [
            163.1787,
            6.1413,
            -154.2672
          ],
          "relative_to_hrp": [
            12.4179,
            2.0845,
            1.3052
          ],
          "distance_to_hrp": 12.6591,
          "viewport_size": [
            1528,
            856
          ]
        },
        "inputs": []
      }
    },
    {
      "frame_idx": 14,
      "timestamp": 1.4,
      "filename": "frame_0014.jpg",
      "frame_width": 1080,
      "frame_height": 1920,
      "num_objects": 2,
      "objects": [
        {
          "bbox": [
            313,
            734,
            727,
            1696
          ],
          "area": 243347,
          "confidence": 0.92,
          "label": "humanoid"
        },
        {
          "bbox": [
            524,
            956,
            688,
            1146
          ],
          "area": 21382,
          "confidence": 0.51,
          "label": "chest"
        }
      ],
      "tracks": [
        {
          "track_id": 0,
          "bbox": [
            313,
            734,
            727,
            1696
          ],
          "velocity": 0,
          "direction": null
        },
        {
          "track_id": 1,
          "bbox": [
            524,
            956,
            688,
            1146
          ],
          "velocity": 140,
          "direction": 180
        }
      ],
      "caption": {
        "brief": "",
        "normal": "",
        "detailed": "Based on the provided Roblox game frame and the ground truth game state, here is a detailed analysis:\n\n1. What the character is doing:\nThe character is in an \"Idle\" state, as confirmed by the game state. This means the character is not actively moving, running, or performing any animation. The game state explicitly reports a speed of 0.0 studs/sec and no player inputs, which aligns with the character's static posture. The reported movement direction (\"backward, level\") is likely a default or placeholder value in the game state system, as the character is not actually moving. The character is standing still, facing slightly to the right, with its arms at its sides.\n\n2. The environment and any visible objects:\nThe environment is a minimalist, open-world setting. The ground is a flat, gray grid pattern, which is characteristic of Roblox's default \"Baseplate\" surface. The background is a clear, gradient sky transitioning from a lighter blue at the horizon to a deeper blue at the top, suggesting an outdoor, daytime setting with no clouds or other environmental elements. The only visible object is the character itself, who is wearing a black jacket with blue accents on the sleeves, white pants, and a distinctive purple and gold crown with multiple jewels on their head.\n\n3. How the visual matches the reported movement/state:\nThe visual perfectly matches the \"Idle\" state. The character is stationary, with no motion blur or animation cues (like walking or running cycles) visible. The shadow cast by the character on the ground is sharp and static, indicating no movement. The reported \"backward, level\" movement and \"0.0 studs/sec\" speed are consistent with the character's lack of motion. The \"Ground Distance: 0.00 studs\" confirms the character is standing directly on the baseplate surface with no elevation or fall.\n\n4. Any other players, NPCs, or interactive elements visible:\nThere are no other players, NPCs, or interactive elements"
      },
      "roblox_metadata": {
        "frame": 85,
        "timestamp": 1765616659.9272,
        "fps": 55,
        "humanoid_state": "Idle",
        "hrp": {
          "cframe": {
            "position": [
              150.7608,
              4.0568,
              -155.5723
            ],
            "look_vector": [
              0.7071,
              0,
              -0.7071
            ],
            "up_vector": [
              0,
              1,
              0
            ],
            "right_vector": [
              0.7071,
              0,
              0.7071
            ]
          },
          "velocity": [
            0,
            0,
            0
          ],
          "speed": 0
        },
        "ground": {
          "touch_point": [
            150.7608,
            0,
            -155.5723
          ],
          "landing_point": [
            150.7608,
            0,
            -155.5723
          ],
          "landing_normal": [
            0,
            1,
            0
          ],
          "landing_instance": "Baseplate",
          "distance_to_landing": 0
        },
        "camera": {
          "position": [
            163.1787,
            6.1413,
            -154.2672
          ],
          "relative_to_hrp": [
            12.4179,
            2.0845,
            1.3052
          ],
          "distance_to_hrp": 12.6591,
          "viewport_size": [
            1528,
            856
          ]
        },
        "inputs": []
      }
    },
    {
      "frame_idx": 15,
      "timestamp": 1.5,
      "filename": "frame_0015.jpg",
      "frame_width": 1080,
      "frame_height": 1920,
      "num_objects": 1,
      "objects": [
        {
          "bbox": [
            313,
            735,
            728,
            1696
          ],
          "area": 243215,
          "confidence": 0.91,
          "label": "humanoid"
        }
      ],
      "tracks": [
        {
          "track_id": 0,
          "bbox": [
            313,
            735,
            728,
            1696
          ],
          "velocity": 0,
          "direction": null
        }
      ],
      "caption": {
        "brief": "",
        "normal": "",
        "detailed": "Based on the provided Roblox game frame and the ground truth game state, here is a detailed analysis:\n\n1. What the character is doing:\nThe character is in an \"Idle\" state, as confirmed by the game state. This means the character is not actively moving, running, or performing any animation. The game state explicitly reports a speed of 0.0 studs/sec and no player inputs, which aligns with the character's static posture. Although the character is facing slightly away from the viewer and appears to be positioned at the edge of the frame, the game state indicates movement is \"backward, level\" — however, this is likely a misreporting or an artifact of the game state system, as the character is visually stationary. The \"backward\" movement direction is not visually evident, and the character is not moving at all. The character is standing still on the baseplate.\n\n2. The environment and any visible objects:\nThe environment is a minimalist, open space. The ground is a flat, gray grid pattern, which is the standard Roblox \"Baseplate\" surface used for testing or simple environments. The background is a clear, gradient sky transitioning from a lighter blue at the horizon to a deeper blue at the top, indicating an outdoor setting with no clouds or other environmental features. The only visible object is the character itself, who is wearing a black zip-up jacket with blue accents on the sleeves, white pants, and a purple and gold crown with the word \"CROWN\" written on it. There are no other objects, props, or environmental elements visible.\n\n3. How the visual matches the reported movement/state:\nThe visual content matches the \"Idle\" state perfectly. The character is standing still, with no motion blur, no animation, and no indication of movement. The reported \"backward, level\" movement and \"Speed: 0.0 studs/sec\" are consistent with the visual — the character is not moving. The \"Ground Distance: 0."
      },
      "roblox_metadata": {
        "frame": 91,
        "timestamp": 1765616660.0297,
        "fps": 57.5,
        "humanoid_state": "Idle",
        "hrp": {
          "cframe": {
            "position": [
              150.7608,
              4.0568,
              -155.5723
            ],
            "look_vector": [
              0.7071,
              0,
              -0.7071
            ],
            "up_vector": [
              0,
              1,
              0
            ],
            "right_vector": [
              0.7071,
              0,
              0.7071
            ]
          },
          "velocity": [
            0,
            0,
            0
          ],
          "speed": 0
        },
        "ground": {
          "touch_point": [
            150.7608,
            0,
            -155.5723
          ],
          "landing_point": [
            150.7608,
            0,
            -155.5723
          ],
          "landing_normal": [
            0,
            1,
            0
          ],
          "landing_instance": "Baseplate",
          "distance_to_landing": 0
        },
        "camera": {
          "position": [
            163.1787,
            6.1413,
            -154.2672
          ],
          "relative_to_hrp": [
            12.4179,
            2.0845,
            1.3052
          ],
          "distance_to_hrp": 12.6591,
          "viewport_size": [
            1528,
            856
          ]
        },
        "inputs": []
      }
    },
    {
      "frame_idx": 16,
      "timestamp": 1.6,
      "filename": "frame_0016.jpg",
      "frame_width": 1080,
      "frame_height": 1920,
      "num_objects": 2,
      "objects": [
        {
          "bbox": [
            314,
            734,
            727,
            1696
          ],
          "area": 243009,
          "confidence": 0.91,
          "label": "humanoid"
        },
        {
          "bbox": [
            524,
            958,
            688,
            1144
          ],
          "area": 21147,
          "confidence": 0.52,
          "label": "chest"
        }
      ],
      "tracks": [
        {
          "track_id": 0,
          "bbox": [
            314,
            734,
            727,
            1696
          ],
          "velocity": 0,
          "direction": null
        },
        {
          "track_id": 1,
          "bbox": [
            524,
            958,
            688,
            1144
          ],
          "velocity": 0,
          "direction": null
        }
      ],
      "caption": {
        "brief": "",
        "normal": "",
        "detailed": "Based on the provided Roblox game frame and the ground truth game state, here is a detailed analysis:\n\n1. What the character is doing:\nThe character is in an \"Idle\" state, as confirmed by the game state. This means the character is not actively moving or performing any animation. The reported speed of 0.0 studs/sec and \"Movement: backward, level\" is a contradiction to the idle state, but since the game state is provided as ground truth, we accept it as the authoritative source. The character is standing still, with no forward or backward motion, and is not interacting with the environment. The \"backward\" movement descriptor likely refers to the character's facing direction (toward the camera) or is an artifact of the state reporting system. The character's posture is neutral, with arms at their sides, consistent with an idle animation.\n\n2. The environment and any visible objects:\nThe environment is a minimalist, open-world setting. The ground is a flat, gray grid pattern, which is characteristic of Roblox's default \"Baseplate\" surface used for testing or simple environments. The background is a clear, gradient sky transitioning from a lighter blue at the horizon to a deeper blue at the top, indicating an outdoor setting with no visible clouds or other environmental features. The only visible object is the character itself, who is wearing a black jacket with blue accents on the sleeves, white pants, and a distinctive purple and gold crown with multiple jewels on their head.\n\n3. How the visual matches the reported movement/state:\nVisually, the character appears stationary. There is no motion blur, no change in position relative to the grid, and no animation cues (like a walking cycle or idle sway) that would suggest movement. The character's shadow is cast on the ground, indicating a light source from above and to the left, which is consistent with a typical outdoor lighting setup. The reported \"backward, level\" movement does not visually manifest; the character is simply standing"
      },
      "roblox_metadata": {
        "frame": 96,
        "timestamp": 1765616660.1198,
        "fps": 54.7,
        "humanoid_state": "Idle",
        "hrp": {
          "cframe": {
            "position": [
              150.7608,
              4.0568,
              -155.5723
            ],
            "look_vector": [
              0.7071,
              0,
              -0.7071
            ],
            "up_vector": [
              0,
              1,
              0
            ],
            "right_vector": [
              0.7071,
              0,
              0.7071
            ]
          },
          "velocity": [
            0,
            0,
            0
          ],
          "speed": 0
        },
        "ground": {
          "touch_point": [
            150.7608,
            0,
            -155.5723
          ],
          "landing_point": [
            150.7608,
            0,
            -155.5723
          ],
          "landing_normal": [
            0,
            1,
            0
          ],
          "landing_instance": "Baseplate",
          "distance_to_landing": 0
        },
        "camera": {
          "position": [
            163.1787,
            6.1413,
            -154.2672
          ],
          "relative_to_hrp": [
            12.4179,
            2.0845,
            1.3052
          ],
          "distance_to_hrp": 12.6591,
          "viewport_size": [
            1528,
            856
          ]
        },
        "inputs": []
      }
    }
  ],
  "key_events": [
    {
      "type": "fast_motion",
      "frame_idx": 0,
      "timestamp": 0,
      "object": "humanoid",
      "direction": "left",
      "description": "humanoid moving fast left"
    },
    {
      "type": "fast_motion",
      "frame_idx": 0,
      "timestamp": 0,
      "object": "chest",
      "direction": "up-left",
      "description": "chest moving fast up-left"
    },
    {
      "type": "object_disappears",
      "frame_idx": 2,
      "timestamp": 0.2,
      "objects": [
        "chest"
      ],
      "description": "chest exits"
    },
    {
      "type": "object_appears",
      "frame_idx": 3,
      "timestamp": 0.3,
      "objects": [
        "chest"
      ],
      "description": "chest appears"
    },
    {
      "type": "object_appears",
      "frame_idx": 13,
      "timestamp": 1.3,
      "objects": [
        "character"
      ],
      "description": "character appears"
    },
    {
      "type": "object_disappears",
      "frame_idx": 13,
      "timestamp": 1.3,
      "objects": [
        "humanoid"
      ],
      "description": "humanoid exits"
    },
    {
      "type": "object_disappears",
      "frame_idx": 14,
      "timestamp": 1.4,
      "objects": [
        "character"
      ],
      "description": "character exits"
    }
  ],
  "tracked_objects": [
    {
      "track_id": 0,
      "label": "humanoid",
      "movement_type": "fast",
      "primary_direction": "left"
    },
    {
      "track_id": 1,
      "label": "chest",
      "movement_type": "fast",
      "primary_direction": "up-left"
    },
    {
      "track_id": 2,
      "label": "chest",
      "movement_type": "fast",
      "primary_direction": "up-left"
    }
  ]
}